Bin_Count,MI_TET_Value
2,0.00020133441260972162
5,0.025446122710462316
10,0.03711997474147344
20,0.07335739243094519
50,0.17336456326681038
